motif_smiles,total_occurrences,num_drugs_containing,percent_drugs,molecular_weight,num_atoms
c1ccccc1,282,202,27.08,78.11,6
CO,271,172,23.06,32.04,2
C=O,214,149,19.97,30.03,2
CC,195,146,19.57,30.07,2
CCC=O,175,55,7.37,58.08,4
CCC,134,113,15.15,44.1,3
CC=O,132,83,11.13,44.05,3
CC(C)CCC=O,71,33,4.42,100.16,7
Oc1ccccc1,70,48,6.43,94.11,7
O=CCCCC(=O)O,64,17,2.28,116.12,8
CC(C)C,59,42,5.63,58.12,4
O=CCCO,51,26,3.49,74.08,5
C1CCNC1,50,37,4.96,71.12,5
CN,47,45,6.03,31.06,2
CCO,44,38,5.09,46.07,3
O=CO,41,41,5.5,46.02,3
CCCCC=O,39,21,2.82,86.13,6
N=C(N)N,38,16,2.14,59.07,4
NC(=O)CCCC=O,37,17,2.28,115.13,8
CNC,36,35,4.69,45.09,3
CCCC,34,31,4.16,58.12,4
NC(=O)CCC=O,33,18,2.41,101.1,7
c1ccc2[nH]ccc2c1,32,29,3.89,117.15,9
c1c[nH]cn1,32,24,3.22,68.08,5
CC(=O)O,31,26,3.49,60.05,4
CC(C)CC=O,31,14,1.88,86.13,6
CC(O)CC=O,30,15,2.01,88.11,6
C1CCNCC1,29,27,3.62,85.15,6
NCCCCCC=O,28,15,2.01,115.18,8
C1CCOC1,27,9,1.21,72.11,5
c1ccncc1,26,25,3.35,79.1,6
Clc1ccccc1,25,25,3.35,112.56,7
CCCC=O,25,21,2.82,72.11,5
Fc1ccccc1,25,23,3.08,96.1,7
O=CCCC(=O)O,25,14,1.88,102.09,7
CCC(C)CC=O,24,15,2.01,100.16,7
O=CCCS,24,4,0.54,90.15,5
C1CC1,23,23,3.08,42.08,3
C1CNCCN1,23,23,3.08,86.14,6
FC(F)F,21,20,2.68,70.01,4
CC(C)O,20,20,2.68,60.1,4
CC(N)=O,20,14,1.88,59.07,4
NC=O,19,18,2.41,45.04,3
O=P([O-])(O)S,19,1,0.13,113.05,5
CCC(=O)O,18,13,1.74,74.08,5
Cc1ccccc1,17,16,2.14,92.14,7
c1ccc2ccccc2c1,16,16,2.14,128.17,10
O=CCO,13,13,1.74,60.05,4
C1CCCCC1,13,13,1.74,84.16,6
CS,13,10,1.34,48.11,2
CCC(N)=O,13,11,1.47,73.09,5
CC(=O)[O-],12,5,0.67,59.04,4
c1ccsc1,12,10,1.34,84.14,5
CC(N)C=O,12,12,1.61,73.09,5
C[SH](=O)=O,11,9,1.21,80.11,4
CCCl,11,6,0.8,64.52,3
c1cscn1,11,8,1.07,85.13,5
CC(O)CO,10,4,0.54,76.09,5
c1cncnc1,10,8,1.07,80.09,6
O=S(=O)(O)O,10,5,0.67,98.08,5
CCCCN,10,6,0.8,73.14,5
OC1COCC1O,9,9,1.21,104.1,7
NCC=O,9,9,1.21,59.07,4
NC(N)=NCCCCC=O,9,9,1.21,143.19,10
Clc1cccc(Cl)c1,9,8,1.07,147.0,8
OC1CCOCC1O,9,8,1.07,118.13,8
O=C1CCCN1,9,9,1.21,85.11,6
CCC(C)O,8,8,1.07,74.12,5
N#Cc1ccccc1,8,7,0.94,103.12,8
O=C[O-],8,6,0.8,45.02,3
O=[N+]([O-])c1ccccc1,8,8,1.07,123.11,9
CC1=C(C=O)CC(C=O)=C(C)N1,7,7,0.94,165.19,12
Cc1cccc(C)c1,7,7,0.94,106.17,8
Fc1cccc(F)c1,7,7,0.94,114.09,8
Ic1cc(I)cc(I)c1,7,5,0.67,455.8,9
C1COCCN1,7,7,0.94,87.12,6
CCCCC,7,7,0.94,72.15,5
CCCCC(=O)O,6,6,0.8,102.13,7
OC1CCOC1,6,6,0.8,88.11,6
CCCC(=O)O,6,6,0.8,88.11,6
OC1COCC(O)C1O,6,6,0.8,134.13,9
CC(F)(F)F,6,5,0.67,84.04,5
CN1CCNCC1,6,6,0.8,100.16,7
CCCCCC,6,6,0.8,86.18,6
CCCO,6,6,0.8,60.1,4
O=S(=O)([O-])O,6,2,0.27,97.07,5
CCN,5,5,0.67,45.08,3
O=P(O)(O)O,5,5,0.67,97.99,5
CS(=O)(=O)O,5,3,0.4,96.11,5
c1nn[nH]n1,5,5,0.67,70.05,5
Cc1cccnc1,5,5,0.67,93.13,7
Cc1ccno1,5,5,0.67,83.09,6
CC(C)C=O,5,5,0.67,72.11,5
c1ccoc1,5,5,0.67,68.07,5
O=[SH](=O)c1ccccc1,5,5,0.67,142.18,9
OCCC(O)CO,5,2,0.27,106.12,7
CS(=O)c1nc2ccccc2[nH]1,5,5,0.67,180.23,12
O=[N+]([O-])O,5,3,0.4,63.01,4
c1ccc2ncncc2c1,5,5,0.67,130.15,10
C[N+](C)C,4,4,0.54,59.11,4
CC(O)CC(=O)O,4,4,0.54,104.1,7
O=C(O)CCCC(=O)O,4,4,0.54,132.12,9
O=C1c2ccccc2C(=O)c2c(O)c3c(c(O)c21)CC(O)CC3O,4,4,0.54,326.3,24
Nc1ncnc2ccccc12,4,4,0.54,145.16,11
CC1(C)CN2C(=O)CC2S1,4,4,0.54,157.24,10
Nc1ccc([SH](=O)=O)cc1,4,4,0.54,157.19,10
NC1=NCCN1,4,4,0.54,85.11,6
CC(C)C(=O)O,4,4,0.54,88.11,6
NS(=O)(=O)c1ccccc1,4,4,0.54,157.19,10
C=CC,4,3,0.4,42.08,3
CCCCCC=O,4,4,0.54,100.16,7
c1ccc(Cc2ccccc2)cc1,4,4,0.54,168.24,13
CC(O)C=O,4,4,0.54,74.08,5
C1CCCC1,4,4,0.54,70.14,5
O=C1NCCO1,4,4,0.54,87.08,6
CC(N)C(=O)O,4,3,0.4,89.09,6
C1CO1,4,4,0.54,44.05,3
OC1CCCCC1,4,4,0.54,100.16,7
NC(=O)CCC(=O)O,4,4,0.54,117.1,8
CN1CCCC1,3,3,0.4,85.15,6
c1ccc2ncccc2c1,3,3,0.4,129.16,10
Cn1c(=O)c2[nH]cnc2n(C)c1=O,3,2,0.27,180.17,13
c1ccc2occc2c1,3,3,0.4,118.13,9
CC1CCOC(C)C1O,3,3,0.4,130.19,9
CC1CCC(O)CO1,3,3,0.4,116.16,8
Nc1nc(C(C=O)=NO)cs1,3,3,0.4,171.18,11
CC(O)CC(O)CC(=O)O,3,3,0.4,148.16,10
O=CCCl,3,3,0.4,78.5,4
Oc1ccccc1O,3,2,0.27,110.11,8
CCCCO,3,2,0.27,74.12,5
OCCCO,3,2,0.27,76.09,5
O=C1N=CN=N1,3,3,0.4,83.05,6
C1CSCO1,3,3,0.4,90.15,5
Clc1ccccc1Cl,3,3,0.4,147.0,8
OC(F)F,3,3,0.4,68.02,4
Fc1ccc2cnoc2c1,3,3,0.4,137.11,10
O=C1CCCC(=O)N1,3,3,0.4,113.12,8
CC1=C(C)C(C)(C)CCC1,3,3,0.4,138.25,10
CC(C)C(N)C=O,3,3,0.4,101.15,7
O=C1CCSSCCNC(=O)CNC(=O)CNC(=O)CNC(=O)CN1,3,3,0.4,391.48,25
Cc1ccccc1C,3,3,0.4,106.17,8
CC1C(S)=C(C(=O)O)N2C(=O)CC12,3,3,0.4,199.23,13
O=CSCF,3,3,0.4,94.11,5
Cn1cnc2ccccc21,3,3,0.4,132.17,10
CCl,3,3,0.4,50.49,2
CC1CC(O)CC1O,3,3,0.4,116.16,8
OC1CCOCC1,3,2,0.27,102.13,7
NS(=O)(=O)[O-],3,1,0.13,96.09,5
OCCO,3,3,0.4,62.07,4
Fc1ccccc1Cl,3,3,0.4,130.55,8
CC(C)(C)CC=O,3,3,0.4,100.16,7
O=C([O-])[O-],3,1,0.13,60.01,4
N#CCC=O,3,3,0.4,69.06,5
CCCCCCCCCCCCCCCC=O,3,2,0.27,240.43,17
CC1NC(=O)CNC(=O)CNC(=O)CNC(=O)CNC(=O)CNC(=O)CNC(=O)CCSSCC2NC(=O)CCSSCC(NC(=O)CNC(=O)CNC(=O)CNC2=O)C(=O)NCC(=O)NCC(=O)NCC(=O)NCC(=O)NCC(=O)NCC(=O)NCC(=O)NCC(=O)NCCSSCCNC(=O)CNC(=O)CNC(=O)CNC(=O)CNC1=O,3,3,0.4,1799.98,119
NC(C=O)CO,3,3,0.4,89.09,6
CCCCCC(C)O,2,2,0.27,116.2,8
CC1CC(=O)CC1O,2,2,0.27,114.14,8
CCCCCCC(=O)O,2,2,0.27,130.19,9
CC12CCC3c4ccc(O)cc4CCC3C1CCC2O,2,2,0.27,272.39,20
CCC(=O)[O-],2,2,0.27,73.07,5
CC1OCCC([NH3+])C1O,2,2,0.27,132.18,9
O=C1CNC(=O)N1,2,2,0.27,100.08,7
C1=CCCC1,2,2,0.27,68.12,5
Cc1cnc[nH]1,2,2,0.27,82.11,6
CC(C)C#N,2,1,0.13,69.11,5
CC1CCNCC1,2,2,0.27,99.18,7
CCC(O)CC(O)CC(=O)O,2,2,0.27,162.19,11
CC12C=CC(=O)C=C1CCC1C2C(O)CC2(C)C1CC1OCOC12,2,2,0.27,330.42,24
C1CCC1,2,2,0.27,56.11,4
c1cc2c3c(c[nH]c3c1)CC1NCCCC21,2,2,0.27,212.3,16
CC12CCCCC1CCC2,2,2,0.27,138.25,10
O=CN(CCCl)N=O,2,2,0.27,136.54,8
CC1=C(C(=O)[O-])N2C(=O)CC2SC1,2,2,0.27,198.22,13
CON=C(C=O)c1csc(N)n1,2,2,0.27,185.21,12
CC1=C(C(=O)O)N2C(=O)CC2SC1,2,2,0.27,199.23,13
O=C1CCc2ccccc2N1,2,2,0.27,147.18,11
CCCC1(c2ccc(F)cc2)OCc2cc(C#N)ccc21,2,2,0.27,281.33,21
c1cc2c(s1)CCNC2,2,2,0.27,139.22,9
O=c1ccoc2ccccc12,2,1,0.13,146.14,11
CC1OCCC(N)C1O,2,2,0.27,131.18,9
CC1CC(O)CCO1,2,1,0.13,116.16,8
C[NH+]C,2,2,0.27,45.09,3
c1ccc2c(c1)OCCO2,2,2,0.27,136.15,10
c1ccc2c(c1)COc1ccccc1C2,2,2,0.27,196.25,15
O=C1OCC2C(O)c3cc4c(cc3C(c3ccc(O)cc3)C12)OCO4,2,2,0.27,340.33,25
CCC(C)C,2,2,0.27,72.15,5
NS(=O)(=O)c1ccccc1Cl,2,2,0.27,191.64,11
CN1C2CCCC1CC2,2,2,0.27,125.22,9
C1COCO1,2,2,0.27,74.08,5
CC1CNCCN1,2,2,0.27,100.17,7
Clc1ccc2c(c1)CCc1cccnc1C2,2,2,0.27,229.71,16
CCC(C)C=O,2,2,0.27,86.13,6
CC1C=C2C=CC(C)CC2CC1,2,2,0.27,162.28,12
O=C1CC(O)CCO1,2,2,0.27,116.12,8
Oc1cccc(O)c1,2,2,0.27,110.11,8
CS(=O)CC(N)=O,2,2,0.27,121.16,7
CC1=NCCN1,2,2,0.27,84.12,6
CN1CCCCC1,2,2,0.27,99.18,7
C1CCC2CNCCC2C1,2,2,0.27,139.24,10
CC#CC,2,2,0.27,54.09,4
N=C(N)c1ccccc1,2,1,0.13,120.15,9
O=C1CSC(=O)N1,2,2,0.27,117.13,7
C[n+]1ccccc1,2,2,0.27,94.14,7
c1ccc2c(c1)CCNC2,2,2,0.27,133.19,10
CC1=CC=CC=CC(C)CC(C)C(=O)CC(O)C(C)=CC(C)C(=O)CCOC(=O)C2CCCCN2C(=O)C(=O)C2(O)OC(CC1)CCC2C,2,2,0.27,683.88,49
C1C2CC3CC1CC(C2)C3,2,2,0.27,136.24,10
O=C1Cc2ccccc2N1,2,2,0.27,133.15,10
C#CC,2,2,0.27,40.06,3
CC(O)(P(=O)(O)O)P(=O)(O)O,2,2,0.27,206.03,11
CCC1OC(=O)C2CCCCN2C(=O)C(=O)C2(O)OC(CCC(C)CC(C)=CCC(=O)CC(O)C1C)CCC2C,2,2,0.27,563.73,40
CC12CCC(=O)C=C1CCC1C2CCC2(C)C(O)CCC12,2,2,0.27,288.43,21
O=C1NC(=O)c2ccccc21,2,2,0.27,147.13,11
NS(=O)(=O)O,2,2,0.27,97.09,5
ClCCCc1ccccc1,2,2,0.27,154.64,10
C1CCC2NCCC2C1,2,2,0.27,125.21,9
Nc1ccnc(N)n1,2,2,0.27,110.12,8
CC(C)CC(=O)O,2,2,0.27,102.13,7
CC1OCCC(C)(N)C1O,2,2,0.27,145.2,10
O=C1CC(O)c2ccc(c(Cl)c2)Oc2cc3cc(c2)C(NC(=O)CN1)C(=O)NC1C(=O)NC(C(=O)NC(C(=O)O)c2cc(O)cc(O)c2-c2cc1ccc2O)C(O)c1ccc(c(Cl)c1)O3,2,2,0.27,928.69,65
NC1CSSCCNC(=O)CNC(=O)CNC(=O)CNC(=O)CNC1=O,2,2,0.27,406.49,26
O=C1CNCC(=O)N1,2,1,0.13,114.1,8
Brc1ccccc1,2,2,0.27,157.01,7
O=CC(=O)O,2,1,0.13,74.03,5
CC1c2ccccc2CC[N+]1C,2,1,0.13,161.25,12
CCCCCCC,2,1,0.13,100.2,7
c1ccc2sncc2c1,2,2,0.27,135.19,9
CC(C)(C)C=O,2,1,0.13,86.13,6
O=P(CO)(OCO)OCO,2,2,0.27,172.07,10
C1CNCCNCCCNCCNC1,2,1,0.13,200.33,14
Fc1ccc2c(c1)CCCO2,2,1,0.13,152.17,11
c1ccc2c(c1)CCO2,2,2,0.27,120.15,9
NS(N)(=O)=O,2,2,0.27,96.11,5
c1cnccn1,2,2,0.27,80.09,6
Nc1ccccc1,2,2,0.27,93.13,7
C1CC2CCC(C1)N2,2,2,0.27,111.19,8
Cc1cc(C)c(C)[nH]1,2,2,0.27,109.17,8
C1CN2CCC1CC2,2,2,0.27,111.19,8
C=CCN,2,2,0.27,57.1,4
CC1CN2C(=O)CNC(=O)CNC(=O)C3CC(O)CN3C(=O)CNC(=O)CCC(O)C(O)NC(=O)C2C1O,2,2,0.27,542.55,38
CC(O)C(O)C(O)C(O)CO,2,1,0.13,166.17,11
CCS(C)(=O)=O,2,2,0.27,108.16,6
NC(=O)CCO,2,2,0.27,89.09,6
CC1CC2C3CC(F)C4=CC(=O)C=CC4(C)C3(F)C(O)CC2(C)C1,2,2,0.27,336.42,24
Cc1ccccn1,2,2,0.27,93.13,7
CC[PH+](CC)CC,2,1,0.13,119.17,7
CC1=CCC2CC(CC3(CCC(C)CO3)O2)OC(=O)C2C=C(C)C(O)C3OCC(=CC=CC(C)C1)C23O,2,1,0.13,514.66,37
CC1CCCCO1,2,1,0.13,100.16,7
CC1OCCCC1O,2,1,0.13,116.16,8
C1=NC=NC1,2,2,0.27,68.08,5
c1ncc2cc[nH]c2n1,2,2,0.27,119.13,9
C1C[N+]2CCC1CC2,2,2,0.27,111.19,8
NC(=O)CCCC(=O)O,2,2,0.27,131.13,9
NC(N)=NCCCCCC=O,2,1,0.13,157.22,11
O=C(O)CCC(=O)O,2,2,0.27,118.09,8
NCC(=O)CCC(=O)O,1,1,0.13,131.13,9
Nc1nc(=O)c2c([nH]1)NCCN2C=O,1,1,0.13,195.18,14
CC1C(O)CC2OCCC21,1,1,0.13,142.2,10
OCC(O)C(O)C(O)C(O)CO,1,1,0.13,182.17,12
O=C(O)CCS,1,1,0.13,106.15,6
O=S(=O)(O)CCS,1,1,0.13,142.2,7
CC12CCC3c4ccc(O)cc4CCC3C1CCC2=O,1,1,0.13,270.37,20
NC(=O)CCC(N)C(=O)O,1,1,0.13,146.15,10
O=C(O)O,1,1,0.13,62.02,4
O=P([O-])(O)O,1,1,0.13,96.99,5
C=CC1CN2CCC1CC2,1,1,0.13,137.23,10
Nc1nc(=O)c2c([nH]1)NCCN2,1,1,0.13,167.17,12
Nc1ccncc1,1,1,0.13,94.12,7
CC1C=CC=CC=CC=CC=CC=CC=CCCC2CC(O)CC(O)(CC(O)CC(O)C(O)CCC(O)CC(O)CC(=O)OC(C)C(C)C1O)O2,1,1,0.13,718.93,51
CC1OCC(O)C(N)C1O,1,1,0.13,147.17,10
c1ccc2[nH]cnc2c1,1,1,0.13,118.14,9
NCCCC(O)(P(=O)(O)O)P(=O)(O)O,1,1,0.13,249.1,14
O=c1ncnc2[nH][nH]cc1-2,1,1,0.13,136.11,10
Cn1c2c(c3ccccc31)C(=O)NCC2,1,1,0.13,200.24,15
Cc1nnc2n1-c1ccc(Cl)cc1C(c1ccccc1)=NC2,1,1,0.13,308.77,22
NC12CC3CC(CC(C3)C1)C2,1,1,0.13,151.25,11
Ic1cccc(I)c1,1,1,0.13,329.91,8
CCS(=O)(=O)c1ccccc1N,1,1,0.13,185.25,12
Nc1ccc2c(=O)c3ccccc3oc2n1,1,1,0.13,212.21,16
c1ccc2nc3ccccc3cc2c1,1,1,0.13,179.22,14
O=C1CN2Cc3c(ccc(Cl)c3Cl)NC2=N1,1,1,0.13,256.09,16
CN1CCc2cccc3c2C1Cc1ccc(O)c(O)c1-3,1,1,0.13,267.33,20
Nc1cc(Cl)cc(Cl)c1,1,1,0.13,162.02,9
CC1CNc2c(cccc2[SH](=O)=O)C1,1,1,0.13,211.29,14
Cn1cnc([N+](=O)[O-])c1,1,1,0.13,127.1,9
c1ncc2[nH]cnc2n1,1,1,0.13,120.11,9
O=C(O)CCCCCCCC(=O)O,1,1,0.13,188.22,13
CN1CCCCCC1,1,1,0.13,113.2,8
CC1CC(C)C(=O)OCC(C)(O)C(O)C(C)N(C)CC(C)CC(C)(O)C1,1,1,0.13,373.53,26
CC1CC(=O)N1S(=O)(=O)O,1,1,0.13,165.17,10
NCCCC(=O)O,1,1,0.13,103.12,7
CC1CC2C3CCC4=CC(=O)C=CC4(C)C3(Cl)C(O)CC2(C)C1O,1,1,0.13,350.89,24
O=C(O)CN1C(=O)CCCc2ccccc21,1,1,0.13,219.24,16
CC1CC2C3CCC4=CC(=O)C=CC4(C)C3(F)C(O)CC2(C)C1O,1,1,0.13,334.43,24
CC(O)(C=O)CS(=O)(=O)c1ccc(F)cc1,1,1,0.13,246.26,16
Brc1cccc2nccnc12,1,1,0.13,209.05,11
O=C1CN=C(c2ccccn2)c2cc(Br)ccc2N1,1,1,0.13,316.16,19
O=C1CN2C(=O)COC2(O)C2CCCN12,1,1,0.13,212.2,15
CN1CCC=C2c3cccc4[nH]c(Br)c(c34)CC21,1,1,0.13,303.2,18
CC(O)C(C)(C)C,1,1,0.13,102.18,7
Oc1ccc2c3c1OC1C4CCC5(CC4)C(C2)NCCC315,1,1,0.13,283.37,21
O=C1CC2(CCCC2)CC(=O)N1,1,1,0.13,167.21,12
Oc1ccc2c(c1)C13CCCCC1(O)C(C2)NCC3,1,1,0.13,259.35,19
Cn1c(=O)c2c(ncn2C)n(C)c1=O,1,1,0.13,194.19,14
CCCC(C#N)C(C)C,1,1,0.13,125.21,9
CCCCCC(C)(C)O,1,1,0.13,130.23,9
C=C1CCC(O)CC1O,1,1,0.13,128.17,9
C1=Cc2ccccc2Nc2ccccc21,1,1,0.13,193.25,15
c1ccc2c(c1)[nH]c1ccccc12,1,1,0.13,167.21,13
O=C(O)C1=C(Cl)CSC2CC(=O)N12,1,1,0.13,219.65,13
C[N+]1CCCC1,1,1,0.13,85.15,6
O=C([O-])C1=C(C[n+]2ccccc2)CSC2CC(=O)N12,1,1,0.13,276.32,19
Cn1cnc(=O)c([O-])n1,1,1,0.13,126.09,9
C=CC1=C(C(=O)O)N2C(=O)CC2SC1,1,1,0.13,211.24,14
CC1OC2(CS1)CN1CCC2CC1,1,1,0.13,199.32,13
NS(=O)(=O)c1cc(C2(O)NC(=O)c3ccccc32)ccc1Cl,1,1,0.13,338.77,22
Cc1ccn(O)c(=O)c1,1,1,0.13,125.13,9
O=C1CCCCN2CCCCN12,1,1,0.13,168.24,12
CN=C(N)NC#N,1,1,0.13,98.11,7
CC(C)Cl,1,1,0.13,78.54,4
CN1C(=O)CC(=O)N(c2ccccc2)c2cc(Cl)ccc21,1,1,0.13,300.75,21
CC1CC2C3CCC4=CC(=O)C=CC4(C)C3(F)C(O)CC2(C)C1,1,1,0.13,318.43,23
CC1CC2C3CCC4=CC(=O)C=CC4(C)C3(F)C(=O)CC2(C)C1,1,1,0.13,316.42,23
ClCc1ccccc1,1,1,0.13,126.59,8
Clc1ccc2c(c1)Nc1ccccc1CC2,1,1,0.13,229.71,16
O=C1CN=C(c2ccccc2Cl)c2cc([N+](=O)[O-])ccc2N1,1,1,0.13,315.72,22
CN1CCN(C2=c3ccccc3=Nc3ccc(Cl)cc3N2)CC1,1,1,0.13,326.83,23
NC1CCc2ccccc2-c2cccc(=O)cc21,1,1,0.13,237.3,18
C1=Cc2ccccc2Cc2ccccc21,1,1,0.13,192.26,15
O=P1(N(CCCl)CCCl)NCCCO1,1,1,0.13,261.09,14
CC1NC(=O)CN(C)C(=O)CNC(=O)CN(C)C(=O)CN(C)C(=O)CNC(=O)CN(C)C(=O)CN(C)C(=O)CN(C)C(=O)CN(C)C(=O)C(C)NC1=O,1,1,0.13,753.81,53
CCC(C)CO,1,1,0.13,88.15,6
CC12CCCC1C1C=C(Cl)C3=CC(=O)C4CC4C3(C)C1CC2,1,1,0.13,316.87,22
C#CC1(O)CCC2C3CCC4=Cc5oncc5CC4(C)C3CCC21C,1,1,0.13,337.46,25
O=C1CN(N=Cc2ccco2)C([O-])=N1,1,1,0.13,192.15,14
Nc1ccc(S(=O)(=O)c2ccc(N)cc2)cc1,1,1,0.13,248.31,17
CCCCCN(O)C(C)=O,1,1,0.13,145.2,10
CCCCCN(O)C(=O)CCC=O,1,1,0.13,187.24,13
NCCCCCN(O)C(=O)CCC=O,1,1,0.13,202.25,14
CN1CCC23CCCCC2C1Cc1ccccc13,1,1,0.13,241.38,18
NCCCC(N)(C(=O)O)C(F)F,1,1,0.13,182.17,12
CN1C(=O)CN=C(c2ccccc2)c2cc(Cl)ccc21,1,1,0.13,284.75,20
C1CCC(C2CCCCC2)CC1,1,1,0.13,166.31,12
CC1OCCC(O)C1O,1,1,0.13,132.16,9
CC12CCCCC1CCC1C2CC(O)C2(C)C(C3=CC(=O)OC3)CCC12O,1,1,0.13,374.52,27
CN1CCC23c4c5cccc4OC2C(O)CCC3C1C5,1,1,0.13,271.36,20
CC1OC2(O)C3CCCN3C(=O)CN2C1=O,1,1,0.13,226.23,16
CN1CCCC2c3cccc4[nH]cc(c34)CC21,1,1,0.13,226.32,17
CCN1C(=O)CCSc2ccccc21,1,1,0.13,207.3,14
c1ncc2ncncc2n1,1,1,0.13,132.13,10
CCCC(CCC)C(=O)O,1,1,0.13,144.21,10
CC1=C2C(O)C(=O)C3(C)C(O)CC4OCC4C3CC(O)(CC1)C2(C)C,1,1,0.13,350.46,25
O=C1CN2C3CCCC2CC1C3,1,1,0.13,165.24,12
O=C1CCc2ccccc21,1,1,0.13,132.16,10
NC(CO)C(=O)O,1,1,0.13,105.09,7
Cc1cc(O)c2c(c1)CC1C(O)N3C4COC(=O)C5(CSC(c6cc(C)c7c(c64)OCO7)C3C2N1C)NCCc1cc(O)ccc15,1,1,0.13,643.76,46
O=C1Nc2ccc(Cl)cc2C(C#CC2CC2)(C(F)(F)F)O1,1,1,0.13,315.68,21
Clc1ccc2c(c1)C(c1ccccc1)=NCc1nncn1-2,1,1,0.13,294.75,21
CC12CCCC1C1CCc3ccccc3C1CC2,1,1,0.13,240.39,18
CC1OCC2OCC(O)C(O)C2O1,1,1,0.13,190.19,13
NC(N)=Nc1nccs1,1,1,0.13,142.19,9
CCC(N)=NS(N)(=O)=O,1,1,0.13,151.19,9
CC12CCCC1C1CCC3NC(=O)C=CC3(C)C1CC2,1,1,0.13,273.42,20
Fc1cccc(Cl)c1,1,1,0.13,130.55,8
CC1(C)OC2CC3C4CC(F)C5=CC(=O)C=CC5(C)C4C(O)CC3(C)C2O1,1,1,0.13,376.47,27
CN1C(=O)CN=C(c2ccccc2F)c2cc([N+](=O)[O-])ccc21,1,1,0.13,313.29,23
CC1(C)OC2CC3C4CC(F)C5=CC(=O)C=CC5(C)C4(F)C(O)CC3(C)C2O1,1,1,0.13,394.46,28
O=c1[nH]cc(F)c(=O)[nH]1,1,1,0.13,130.08,9
CCCCC(=NO)c1ccccc1,1,1,0.13,177.25,13
O=C([O-])P(=O)([O-])[O-],1,1,0.13,122.98,7
CC1OC1P(=O)(O)O,1,1,0.13,138.06,8
CCCCP(=O)(O)CC=O,1,1,0.13,164.14,10
C1CCC(C2CCNC2)CC1,1,1,0.13,153.27,11
O=C1CNC(=O)C2CSSCCC=CC(CC(=O)NCC(=O)N2)OC(=O)CN1,1,1,0.13,430.51,28
CC1C(O)CCC2(C)C1CCC1(C)C2C(O)CC2CCCC21C,1,1,0.13,320.52,23
CN1CCC23C=CC(O)CC2Oc2cccc(c23)C1,1,1,0.13,257.33,19
OC1COCC1(F)F,1,1,0.13,124.09,8
Cc1ccc(C)cc1,1,1,0.13,106.17,8
CCCC(C)(C)C(=O)O,1,1,0.13,130.19,9
Cc1ccc([SH](=O)=O)cc1,1,1,0.13,156.21,10
O=CNN1CC2CCCC2C1,1,1,0.13,154.21,11
CCC1=C(C)CNC1=O,1,1,0.13,125.17,9
CC1CCCCC1,1,1,0.13,98.19,7
Cc1cnccn1,1,1,0.13,94.12,7
C[N+]1(C)CCCC1,1,1,0.13,100.19,7
CN1C2CCCC1CCC2,1,1,0.13,139.24,10
Cn1ncc2ccccc21,1,1,0.13,132.17,10
CC(=O)N=C(N)N,1,1,0.13,101.11,7
OC1CCNCC1,1,1,0.13,101.15,7
NNc1nncc2ccccc12,1,1,0.13,160.18,12
NS(=O)(=O)c1cc2c(cc1Cl)NCNS2(=O)=O,1,1,0.13,297.75,17
CC12CCCC1C1CCC3=CC(=O)CCC3(C)C1C(O)C2,1,1,0.13,288.43,21
CN1CCC23c4c5ccc(O)c4OC2C(=O)CCC3C1C5,1,1,0.13,285.34,21
NC(=O)NO,1,1,0.13,76.05,5
O=P1(NCCCl)OCCCN1CCCl,1,1,0.13,261.09,14
c1ccc2c(c1)CCc1ccccc1N2,1,1,0.13,195.27,15
CC1Cc2ccccc2N1NC=O,1,1,0.13,176.22,13
CC(O)CC(C)C=O,1,1,0.13,116.16,8
NC1c2ccccc2CC1O,1,1,0.13,149.19,11
Cc1cc2ccccc2n1C=O,1,1,0.13,159.19,12
O=CCC=O,1,1,0.13,72.06,5
C[N+]1C2CCCC1CC2,1,1,0.13,125.22,9
CCCCC1=NC2(CCCC2)C(=O)N1,1,1,0.13,194.28,14
CCC1(O)C(=O)OCc2c1cc1n(c2=O)Cc2cc3ccccc3nc2-1,1,1,0.13,348.36,26
c1ccc2nonc2c1,1,1,0.13,120.11,9
O=C(O)C1CCn2cccc21,1,1,0.13,151.17,11
Nc1cnnc(N)n1,1,1,0.13,111.11,8
OC1CCC(O)C1,1,1,0.13,102.13,7
CCC(O)CC,1,1,0.13,88.15,6
O=C1Nc2ccc(Cl)cc2C(c2ccccc2Cl)=NC1O,1,1,0.13,321.16,21
CN1CCN(C2=Nc3ccccc3Oc3ccc(Cl)cc32)CC1,1,1,0.13,327.82,23
CCCC12CCC(c3ccccc31)c1ccccc12,1,1,0.13,248.37,19
CC1CC2C3CCCC3(C)CCC2C2(C)CCC(=O)C=C12,1,1,0.13,286.46,21
CC1=CC2C3CCCC3(C)CCC2C2(C)CCC(=O)C=C12,1,1,0.13,284.44,21
Cc1cncs1,1,1,0.13,99.16,6
CN1C(C=O)=C([O-])c2ccccc2S1(=O)=O,1,1,0.13,238.24,16
CC12CC3CC(C)(C1)CC(N)(C3)C2,1,1,0.13,179.31,13
Nc1ccc(O)cc1,1,1,0.13,109.13,8
CN(C)C(=N)N=C(N)N,1,1,0.13,129.17,9
Nc1nc(N)c2nccnc2n1,1,1,0.13,162.16,12
CC1NC(=O)c2cc(S(N)(=O)=O)c(Cl)cc2N1,1,1,0.13,275.72,17
CC(C)N,1,1,0.13,59.11,4
CN1CCN2c3ccccc3Cc3ccccc3C2C1,1,1,0.13,264.37,20
Cc1ncc2n1-c1ccc(Cl)cc1C(c1ccccc1F)=NC2,1,1,0.13,325.77,23
CC#CC1(O)CCC2C3CCC4=CC(=O)CCC4=C3CCC21C,1,1,0.13,310.44,23
CN1CCN2c3ncccc3Cc3ccccc3C2C1,1,1,0.13,265.36,20
O=C1c2ccccc2C(=O)c2c(O)ccc(O)c21,1,1,0.13,240.21,18
CC1CC2C3CCC4=CC(=O)C=CC4(C)C3(Cl)C(O)CC2(C)C1,1,1,0.13,334.89,23
Cc1ccc2ccc(Cl)cc2n1,1,1,0.13,177.63,12
CN1CCC23c4c5ccc(O)c4OC2C(O)C=CC3C1C5,1,1,0.13,285.34,21
C1CNC2CNCC2C1,1,1,0.13,126.2,9
CCCCCCCCC(=O)O,1,1,0.13,158.24,11
Cc1ccc(O)c2c1COC2=O,1,1,0.13,164.16,12
CCP(CC)CCP(CC)CC,1,1,0.13,206.25,12
CCC(C)=O,1,1,0.13,72.11,5
OC1Cc2ccccc2CC1O,1,1,0.13,164.2,12
C=C1CCC2(O)C3Cc4ccc(O)c5c4C2(CCN3)C1O5,1,1,0.13,285.34,21
O=C1CCC2(O)C3Cc4ccc(O)c5c4C2(CCN3)C1O5,1,1,0.13,287.31,21
CC[SH](=O)=O,1,1,0.13,94.13,5
Cc1ccccc1O,1,1,0.13,108.14,8
Cc1ccnc2c1NC(=O)c1cccnc1N2,1,1,0.13,226.24,17
CC1(C)NC(=O)NC1=O,1,1,0.13,128.13,9
CNC(N)=C[N+](=O)[O-],1,1,0.13,117.11,8
C#CC1(O)CCC2C3CCC4=CC(=O)CCC4C3CCC21,1,1,0.13,284.4,21
CC1COc2cc(F)cc3c(=O)ccn1c23,1,1,0.13,219.21,16
Cc1cc2c(s1)=Nc1ccccc1NC=2N1CCN(C)CC1,1,1,0.13,312.44,22
Cc1cncc(C)c1,1,1,0.13,107.16,8
Cn1c2c(c3ccccc31)C(=O)CCC2,1,1,0.13,199.25,15
CCCCCCCCCCCCC,1,1,0.13,184.37,13
O=C1CCO1,1,1,0.13,72.06,5
NC1CCC=C(C=O)C1,1,1,0.13,125.17,9
[NH-]C1CCCCC1[NH-],1,1,0.13,112.18,8
O=C(O)C(=O)O,1,1,0.13,90.03,6
CN1CCC23c4c5cccc4OC2C(=O)CCC3(O)C1C5,1,1,0.13,285.34,21
CC1=C2CC(=O)C3(C)C(O)CC4OCC4C3CC(O)(CC1)C2(C)C,1,1,0.13,334.46,24
NCCC(O)(P(=O)([O-])O)P(=O)([O-])O,1,1,0.13,233.05,13
c1ccc2c(c1)OCO2,1,1,0.13,122.12,9
CCC(CO)CO,1,1,0.13,104.15,7
CC(C)(S)C(N)C(=O)O,1,1,0.13,149.22,9
CCCCC(C)=O,1,1,0.13,100.16,7
O=C1CCCO1,1,1,0.13,86.09,6
Cn1ccnc1,1,1,0.13,82.11,6
O=C1NCCNC1=O,1,1,0.13,114.1,8
Oc1cccnc1,1,1,0.13,95.1,7
O=C1OCC2C(O)c3cc4c(cc3C(c3ccccc3)C12)OCO4,1,1,0.13,324.33,24
Nc1nc2c(s1)CCCC2,1,1,0.13,154.24,10
CC1C=CC2=CC(O)CCC2C1,1,1,0.13,164.25,12
CC12CCCC1C1CCC3=CC(=O)CCC3(C)C1CC2,1,1,0.13,272.43,20
Fc1ccccc1C1=NCC(=S)Nc2ccc(Cl)cc21,1,1,0.13,304.78,20
c1ccc2c(c1)N=C(N1CCNCC1)c1ccccc1S2,1,1,0.13,295.41,21
Oc1ccc2ccsc2c1,1,1,0.13,150.2,10
C1CC2CCNC2C1,1,1,0.13,111.19,8
c1ccc2c3c([nH]c2c1)C1CC2CCCCC2CN1CC3,1,1,0.13,280.41,21
Nc1nc2ccccc2s1,1,1,0.13,150.21,10
OC(F)(F)F,1,1,0.13,86.01,5
Cc1cc(=O)n2c(n1)CCCC2,1,1,0.13,164.21,12
CCCC(O)CC,1,1,0.13,102.18,7
CS(=O)(=O)c1ccc(C2=C(c3ccccc3)C(=O)OC2)cc1,1,1,0.13,314.36,22
C1=CCOC1,1,1,0.13,70.09,5
CNC1CCC(c2ccc(Cl)c(Cl)c2)c2ccccc21,1,1,0.13,306.24,20
Cn1ncc2[nH]cnc(=O)c21,1,1,0.13,150.14,11
CC1CNCC(C)N1,1,1,0.13,114.19,8
CC1OCCC1(O)C=O,1,1,0.13,130.14,9
NC(N)=NC1CC(O)C(O)C(N=C(N)N)C1O,1,1,0.13,246.27,17
CN(C=O)N=O,1,1,0.13,88.07,6
OC1CC(O)C(O)CO1,1,1,0.13,134.13,9
CC1CCC(O)CC1,1,1,0.13,114.19,8
CCCc1ccccc1,1,1,0.13,120.19,9
CC1(C)CCSc2ccc(C#Cc3ccccn3)cc21,1,1,0.13,279.41,20
CN1C(=O)C(O)N=C(c2ccccc2)c2cc(Cl)ccc21,1,1,0.13,300.75,21
Cn1nnc2cncn2c1=O,1,1,0.13,151.13,11
OC1COC2COCOC2C1O,1,1,0.13,176.17,12
CC#CC(C)(C)C,1,1,0.13,96.17,7
S=P(N1CC1)(N1CC1)N1CC1,1,1,0.13,189.22,11
Cc1ccsc1Cc1sccc1C,1,1,0.13,208.35,13
c1cnsn1,1,1,0.13,86.12,5
CCS(=O)(=O)CC,1,1,0.13,122.19,7
CCCC[SH](=O)=O,1,1,0.13,122.19,7
Clc1ccc2nsnc2c1,1,1,0.13,170.62,10
NC1CC(N)CC(O)C1,1,1,0.13,130.19,9
NC1C(O)COCC1O,1,1,0.13,133.15,9
NC1COCC(O)C1,1,1,0.13,117.15,8
Cc1ccc(O)cc1,1,1,0.13,108.14,8
CC1(C)OC2COC3OC(C)(C)OC3C2O1,1,1,0.13,230.26,16
CCC1(O)C(=O)OCc2c1cc1n(c2=O)Cc2cc3cc(O)ccc3nc2-1,1,1,0.13,364.36,27
CC12CC(O)C3(F)C(CCC4=CC(=O)C=CC43C)C1CC(O)C2O,1,1,0.13,336.4,24
Cc1nnc2n1-c1ccc(Cl)cc1C(c1ccccc1Cl)=NC2,1,1,0.13,343.22,23
Cc1cccc2nc(N)[nH+]c(N)c12,1,1,0.13,175.22,13
C1CC2CCC(C1)[N+]21CCCC1,1,1,0.13,166.29,12
CC12CCCC1C1C(O)CC3CC(O)CCC3(C)C1CC2,1,1,0.13,292.46,21
C=CC(N)CCC(=O)O,1,1,0.13,129.16,9
CCC1=CC2CN(C1)Cc1c([nH]c3ccccc13)C(C=O)(c1ccc3c(c1)C14CCN5CC=CC(CC(O)C1N3C)C54)C2,1,1,0.13,574.77,43
Cc1ccccc1[SH](=O)=O,1,1,0.13,156.21,10
Cn1ccc2ccccc21,1,1,0.13,131.18,10
N#Cc1cnn2cccnc12,1,1,0.13,144.14,11
NC(N)=NC1C=C(C(=O)O)OCC1,1,1,0.13,185.18,13
OCC(O)CO,1,1,0.13,92.09,6
[N-]=[N+]=NC1CCOC1,1,1,0.13,113.12,8
Cc1ccc2nccn2c1,1,1,0.13,132.17,10
c1ccc2oncc2c1,1,1,0.13,119.12,9
CS(N)(=O)=O,1,1,0.13,95.12,5
O=C1NC(O)c2nccnc21,1,1,0.13,151.12,11
Clc1cccnc1,1,1,0.13,113.55,7
O=CN1c2ccc(C3(C=O)CC4CC(O)CN(CCc5c3[nH]c3ccccc53)C4)cc2C23CCN4CC=CC(CC(O)C12)C43,1,1,0.13,592.74,44
O=C1CCN2CCc3ccccc3C2C1,1,1,0.13,201.27,15
NCCS,1,1,0.13,77.15,4
FC(F)(F)C(F)(F)C(F)(F)F,1,1,0.13,188.02,11
OO,1,1,0.13,34.01,2
NCCN,1,1,0.13,60.1,4
O=C(O)CCCO,1,1,0.13,104.11,7
CC1(C)OC2CC3C4CCC5=CC(=O)C=CC5(C)C4C(O)CC3(C)C2O1,1,1,0.13,358.48,26
Nc1cnc(Cl)c(N)n1,1,1,0.13,144.56,9
NC(N)=NC=O,1,1,0.13,87.08,6
O=C1OC2(c3ccc(O)cc3Oc3cc(O)ccc32)c2ccccc21,1,1,0.13,332.31,25
CN1CCC23c4c5cccc4OC2C(=O)CCC3C1C5,1,1,0.13,269.34,20
O=C([O-])CC([S-])C(=O)[O-],1,1,0.13,147.13,9
OC1COC2CCOC12,1,1,0.13,130.14,9
CC12CCC3C(=CCc4ccccc43)C1CCC2=O,1,1,0.13,252.36,19
O=C1Cc2ccccc2Nc2ccccc21,1,1,0.13,209.25,16
Clc1cc(Cl)c2ccc3ccccc3c2c1,1,1,0.13,247.12,16
OC1CCCOC1,1,1,0.13,102.13,7
OC1CCCCO1,1,1,0.13,102.13,7
CCCCCCC(C)C,1,1,0.13,128.26,9
CC1(C)Oc2cccc(O)c2C2CC(=O)CCC21,1,1,0.13,246.31,18
CC1(C)C2CCCC1C2,1,1,0.13,124.23,9
C1COCC[N+]1,1,1,0.13,86.11,6
C#CC1(O)CCC2C3CCC4=CC(=O)CCC4C3C(=C)CC21,1,1,0.13,296.41,22
Cc1ccc(C)c(C)c1C,1,1,0.13,134.22,10
O=[N+]([O-])c1cncs1,1,1,0.13,130.13,8
O=[SH](=O)c1cccnc1,1,1,0.13,143.17,9
FCC(F)(F)F,1,1,0.13,102.03,6
CCCCC(C)(O)CC,1,1,0.13,130.23,9
CCCCCCC=O,1,1,0.13,114.19,8
N#Cc1ccc(Cl)cc1,1,1,0.13,137.57,9
NC(CO)(CO)CO,1,1,0.13,121.14,8
NC(=O)NNC=O,1,1,0.13,103.08,7
O=C1N=NN=N1,1,1,0.13,84.04,6
OC1CNCC(O)C1O,1,1,0.13,133.15,9
CC#CCC(C)C(C)O,1,1,0.13,126.2,9
CC1C(O)CC2CCCC21,1,1,0.13,140.23,10
CC(O)CCO,1,1,0.13,90.12,6
CCC(C)(C)C=O,1,1,0.13,100.16,7
CC1CC(C)CC(C)C(=O)C(C)C(O)C(C)(O)COC(=O)C(C)C1,1,1,0.13,342.48,24
CCCCCC(O)CC,1,1,0.13,130.23,9
OC1CC2Cc3ccccc3CC2C1,1,1,0.13,188.27,14
C[NH3+],1,1,0.13,32.07,2
COP(=O)([O-])[O-],1,1,0.13,110.0,6
Oc1cccc2c1CCCC2,1,1,0.13,148.2,11
CCCC(N)=O,1,1,0.13,87.12,6
CC(C)(C)N,1,1,0.13,73.14,5
C=C1CC2C(CCC3(C)C(=O)CCC23)C2(C)C=CC(=O)C=C12,1,1,0.13,296.41,22
O=P(O)(O)CO,1,1,0.13,112.02,6
C1=Cc2cc3ccc(cc4nc(cc5ccc(cc1n2)[nH]5)CC4)[nH]3,1,1,0.13,312.38,24
C[N+]1(C)C2CCCC1C1OC12,1,1,0.13,154.23,11
Nc1nc(=O)c2cc[nH]c2[nH]1,1,1,0.13,150.14,11
CCC(O)(P(=O)(O)O)P(=O)(O)O,1,1,0.13,220.05,12
O=C1Cc2ccc(Cl)cc2N1,1,1,0.13,167.59,11
CC1CC(=O)NN=C1c1ccc(NN=C(C#N)C#N)cc1,1,1,0.13,280.29,21
CC1OCC(O)C1O,1,1,0.13,118.13,8
CC1c2cccc([O-])c2C([O-])=C2C(=O)C3(O)C(=O)C(=C(N)[O-])C(=O)CC3C([O-])C21,1,1,0.13,397.34,29
CC1CC2C3CC(F)C4=CC(=O)C=CC4(C)C3(F)C(O)CC2(C)C1O,1,1,0.13,352.42,25
NC1C2CNCC12,1,1,0.13,98.15,7
Cc1ncc[nH]1,1,1,0.13,82.11,6
NC1CNS(=O)(=O)c2sc(S(N)(=O)=O)cc21,1,1,0.13,283.36,16
CCCS(=O)(=O)O,1,1,0.13,124.16,7
CC(O)CC(N)=O,1,1,0.13,103.12,7
Fc1cncnc1,1,1,0.13,98.08,7
CC1=CC=CC(C)C(O)C(C)C(O)C(C)CC(C)CC=COC2(C)Oc3c(C)c(O)c4c(O)c(c5c(nc6cc(C)ccn65)c4c3C2=O)NC1=O,1,1,0.13,697.83,51
Cc1cncnc1N,1,1,0.13,109.13,8
CC(N)C(N)=O,1,1,0.13,88.11,6
OC1COCC(O)C1,1,1,0.13,118.13,8
CCC(O)C(C)C=O,1,1,0.13,116.16,8
CCC[S+](C)C,1,1,0.13,105.23,6
CON=C1CCNC1,1,1,0.13,114.15,8
CC1CC(C)C(=O)C(C)C(=O)OCC2(C)OC(=O)NC2C(C)C(=O)C(C)C1,1,1,0.13,381.47,27
O=C1C(=O)c2ccccc2C(O)=C1C1CCCCC1,1,1,0.13,256.3,19
c1ccc2c3c([nH]c2c1)CCCC3,1,1,0.13,171.24,13
CCS(=O)(=O)c1ccccc1,1,1,0.13,170.23,11
CC(C)C(C)(C)O,1,1,0.13,102.18,7
OC1CCCC(O)C1,1,1,0.13,116.16,8
C=C(c1ccccc1)c1cc2c(cc1C)C(C)(C)CCC2(C)C,1,1,0.13,304.48,23
O=C(O)CC[Ge](=O)O[Ge](=O)CCC(=O)O,1,1,0.13,339.36,15
CC(C)CCB(O)O,1,1,0.13,115.97,8
CCCCCCCCCS(=O)CCCC(F)(F)C(F)(F)F,1,1,0.13,336.41,21
Cc1nc(=O)c2ccccc2[nH]1,1,1,0.13,160.18,12
CC(C)(NN)C(=O)O,1,1,0.13,118.14,8
CCP(=O)(O)O,1,1,0.13,110.05,6
CCCCCCCC,1,1,0.13,114.23,8
CCC(N)(CO)CO,1,1,0.13,119.16,8
Cc1ncn2[nH]cnc(=O)c12,1,1,0.13,150.14,11
CN1CC(=O)N2C(Cc3c([nH]c4ccccc34)C2c2ccc3c(c2)OCO3)C1=O,1,1,0.13,389.41,29
OC1Cc2ccccc2Nc2ccccc21,1,1,0.13,211.26,16
Cc1cc(=O)n2c(n1)C(O)CCC2,1,1,0.13,180.21,13
O=C1CCCC(=O)C1,1,1,0.13,112.13,8
OC1COCC1F,1,1,0.13,106.1,7
CC1(C)N=C(N)N=C(N)N1O,1,1,0.13,157.18,11
Clc1ccc(Cl)c(Cl)c1,1,1,0.13,181.45,9
CCCF,1,1,0.13,62.09,4
Ic1ccccc1,1,1,0.13,204.01,7
NC1CCc2ccccc21,1,1,0.13,133.19,10
O=C1CCSSCCNC(=O)C2CCCN2C(=O)CNC(=O)CNC(=O)CNC(=O)CN1,1,1,0.13,488.59,32
CCCCN=C(N)N,1,1,0.13,115.18,8
C1CCOCC1,1,1,0.13,86.13,6
CCC(C)CC(C)CCCCCCCCC=O,1,1,0.13,240.43,17
O=C1CCC(O)CNC(=O)C2C(O)CCN2C(=O)CNC(=O)CNC(=O)C2CC(O)CN2C(=O)CN1,1,1,0.13,512.52,36
NCCCO,1,1,0.13,75.11,5
CC(C)CC(CN)CC(=O)O,1,1,0.13,159.23,11
Cc1cncnc1,1,1,0.13,94.12,7
Cc1coc(=O)o1,1,1,0.13,100.07,7
O=P([O-])([O-])O,1,1,0.13,95.98,5
CC12CCC(O)CC1=CCC1C2CCC2(C)C(c3cccnc3)=CCC12,1,1,0.13,349.52,26
Cc1cscn1,1,1,0.13,99.16,6
Nc1cccc2c1C(=O)NC2=O,1,1,0.13,162.15,12
CCCC(C)O,1,1,0.13,88.15,6
CC(C=O)(CO)CO,1,1,0.13,118.13,8
CCC(O)CN(C)NC(=O)CC(C)(C)C,1,1,0.13,216.32,15
O=C1NCC2CCCc3cccc1c32,1,1,0.13,187.24,14
CC12CCC(=O)C=C1CCC1C3CCC4(CCC(=O)O4)C3(C)CC3OC312,1,1,0.13,356.46,26
O=C1CCN1,1,1,0.13,71.08,5
O=c1nc[nH][nH]1,1,1,0.13,85.07,6
Cc1nc2c([nH]1)CCNc1ccccc1-2,1,1,0.13,199.26,15
C=C1CCC(O)C1,1,1,0.13,98.14,7
OCO,1,1,0.13,48.04,3
c1ccc(C2NCCc3ccccc32)cc1,1,1,0.13,209.29,16
C1CCCNCC1,1,1,0.13,99.18,7
CN1CC2c3ccccc3Oc3ccc(Cl)cc3C2C1,1,1,0.13,285.77,20
CCCCC(F)F,1,1,0.13,108.13,7
O=C1CC2CCC(O)OC2C1,1,1,0.13,156.18,11
NCC(=O)CCC=O,1,1,0.13,115.13,8
CCCCCCCCCC,1,1,0.13,142.29,10
CCCC1=C([O-])OCCC1=O,1,1,0.13,155.17,11
O=[SH](=O)c1ccccn1,1,1,0.13,143.17,9
c1cnc2cc3c(cc2n1)C1CNCC3C1,1,1,0.13,211.27,16
C#Cc1ccccc1,1,1,0.13,102.14,8
Cc1cc(C)cc(C#N)c1,1,1,0.13,131.18,10
Nc1ncncc1Br,1,1,0.13,174.0,8
Cc1cc(C)ncn1,1,1,0.13,108.14,8
CCC1CCc2ccc3c(c21)CCO3,1,1,0.13,188.27,14
NC(=NC=O)c1ccccc1,1,1,0.13,148.16,11
C1CC2CCOC2O1,1,1,0.13,114.14,8
O=C1NC(=O)C2C3CCC(C3)C12,1,1,0.13,165.19,12
CC(C)C(C)CC(N)C(O)CC(C=O)C(C)C,1,1,0.13,243.39,17
CC(C)(C)C(N)=O,1,1,0.13,101.15,7
Cc1ccc2c(c1)OCO2,1,1,0.13,136.15,10
O=[SH](=O)c1ccsc1,1,1,0.13,148.21,8
Cc1nocc1Cl,1,1,0.13,117.53,7
OC1CCCNc2ccc(Cl)cc21,1,1,0.13,197.66,13
Nc1cccc2c1CNC2=O,1,1,0.13,148.16,11
Oc1ccc2c(c1)CCCC2c1ccccc1,1,1,0.13,224.3,17
Clc1cncc(Cl)c1,1,1,0.13,147.99,8
c1cnoc1,1,1,0.13,69.06,5
FC1(F)CCCCC1,1,1,0.13,120.14,8
c1ccc2c(c1)CCN2,1,1,0.13,119.17,9
Brc1ccc2ncccc2c1,1,1,0.13,208.06,11
Cc1cc(C)cc(C)c1,1,1,0.13,120.19,9
CC#N,1,1,0.13,41.05,3
CCCCC(=O)C=O,1,1,0.13,114.14,8
C1CC2CNCC2C1,1,1,0.13,111.19,8
Nc1c(Cl)ccc2c1CCO2,1,1,0.13,169.61,11
CC1CCC(Cl)CC1,1,1,0.13,132.63,8
Cc1cccc(Cl)c1,1,1,0.13,126.59,8
Cc1ncccn1,1,1,0.13,94.12,7
Fc1cccc(Br)c1,1,1,0.13,175.0,8
NCCCCC(N)C(=O)O,1,1,0.13,146.19,10
NC(CCC(=O)O)C(=O)O,1,1,0.13,147.13,10
CC1=C(CCC(=O)O)c2cc3nc(cc4[nH]c(cc4C)cc4[nH]c(cc1n2)cc4C)C(C)=C3CCC(=O)O,1,1,0.13,510.59,38
Cc1n[nH]c2ccccc12,1,1,0.13,132.17,10
O=C1Cc2cc(F)ccc2N1,1,1,0.13,151.14,11
c1nnc2n1CCNC2,1,1,0.13,124.15,9
CC(N)CC=O,1,1,0.13,87.12,6
Fc1ccc(F)c(F)c1,1,1,0.13,132.08,9
O=CCC(O)C=O,1,1,0.13,102.09,7
Cc1cc(O)c(O)c([N+](=O)[O-])c1,1,1,0.13,169.14,12
O=[N+]([O-])c1cccc(O)c1O,1,1,0.13,155.11,11
N#CC1CCCN1,1,1,0.13,96.13,7
OC12CC3CC(CC(C3)C1)C2,1,1,0.13,152.24,11
CC(C)CCO,1,1,0.13,88.15,6
CN(C)NN=C1N=CN=C1C(N)=O,1,1,0.13,182.19,13
N#Cc1cnc2ccccc2c1,1,1,0.13,154.17,12
O=C(O)C1=CC(=NNc2ccc([SH](=O)=O)cc2)C=CC1=O,1,1,0.13,306.3,21
CC1=CC=CC(C)C(O)C(C)C(O)C(C)CC(C)CC=COC2(C)Oc3c(C)c(O)c4c(c3C2=O)C2=NC3(CCNCC3)NC2=C(NC1=O)C4=O,1,1,0.13,702.85,51
C[N+]1CCC23c4c5ccc(O)c4OC2C(=O)CCC3(O)C1C5,1,1,0.13,301.34,22
C=Cc1c(C)c2cc3nc(cc4[nH]c(cc5nc(cc1[nH]2)C(C)=C5CCC(=O)O)cc4C)C1(C)CC(C=O)=CC=C31,1,1,0.13,544.66,41
O=C(O)C1=CC(=NNc2ccc(O)cc2)C=CC1=O,1,1,0.13,258.23,19
OC1CCC(O)OC1,1,1,0.13,118.13,8
CCCCCN=C(N)NNC=C1C=Nc2ccccc21,1,1,0.13,271.37,20
C1=CC(=C2N=c3cnc4c(c3=N2)COCC4)NO1,1,1,0.13,242.24,18
O=C1C=CC=CC1=C1NC(=C2C=CC=CC2=O)N(c2ccccc2)N1,1,1,0.13,329.36,25
C1CNCCNCCNCCN1,1,1,0.13,172.28,12
C=C1CC2CCC34CC5OC6C(OC7CCC(CC(=O)CC8CCOC8CC8OC(CCC1O2)CC(C)C8=C)OC7C6O3)C5O4,1,1,0.13,626.79,45
CC(O)CN,1,1,0.13,75.11,5
[SH2+]C1CCCCO1,1,1,0.13,119.21,7
CCCC(C)C,1,1,0.13,86.18,6
CC(C)(F)F,1,1,0.13,80.08,5
c1ccc2c(c1)CCC2,1,1,0.13,118.18,9
O=c1ccc2cccc(O)c2[nH]1,1,1,0.13,161.16,12
O=C1COCCN1,1,1,0.13,101.11,7
Clc1cccs1,1,1,0.13,118.59,6
N#Cc1ccc2[nH]ccc2c1,1,1,0.13,142.16,11
NC1=NC(=C(C=O)N=O)NS1,1,1,0.13,172.17,11
Cc1cccc([SH](=O)=O)c1,1,1,0.13,156.21,10
CC(=O)NO,1,1,0.13,75.07,5
CC1=CC23C(=O)C(C=C(CO)C(O)C2(O)C1)C1C(CC3C)C1(C)C,1,1,0.13,332.44,24
O=C1COc2ccc(O)cc2N1,1,1,0.13,165.15,12
O=CC(=NO)c1nsc(NP(=O)([O-])O)n1,1,1,0.13,251.14,15
O=C(O)C1=C(S)CSC2CC(=O)N12,1,1,0.13,217.27,13
CC1=C2CC(=O)C3(C)CCC4OCC4C3CC(O)(CC1)C2(C)C,1,1,0.13,318.46,23
OC1CCOC(O)C1,1,1,0.13,118.13,8
Nc1nccs1,1,1,0.13,100.15,6
Fc1ccccc1F,1,1,0.13,114.09,8
OC1CCCC1O,1,1,0.13,102.13,7
OC1CCNC1,1,1,0.13,87.12,6
O=C1CNC(=O)CNC(=O)CNC(=O)C2CCCN2C(=O)CNC(=O)CN1,1,1,0.13,382.38,27
CC1OC(=O)C2CC3CCCCC3C(C)C12,1,1,0.13,222.33,16
NC1CCCNC1,1,1,0.13,100.17,7
Cc1ncnc2ccccc12,1,1,0.13,144.18,11
Oc1ccc2ncsc2c1,1,1,0.13,151.19,10
Cc1ccccc1S(N)(=O)=O,1,1,0.13,171.22,11
Cc1c2ccccc2nn1C,1,1,0.13,146.19,11
O=C1CCCCN1,1,1,0.13,99.13,7
CC1(C)C2CNCC21,1,1,0.13,111.19,8
CCC(=O)C(N)=O,1,1,0.13,101.11,7
CC1CNCCc2ccc(Cl)cc21,1,1,0.13,195.69,13
Cn1ncnn1,1,1,0.13,84.08,6
Nc1cc(N)ncn1,1,1,0.13,110.12,8
CCCCCCCC=O,1,1,0.13,128.22,9
CC1CO1,1,1,0.13,58.08,4
Fc1ccc(Cl)cc1Cl,1,1,0.13,164.99,9
Nc1ccccn1,1,1,0.13,94.12,7
NCCCCC(N)C=O,1,1,0.13,130.19,9
Fc1cccc(I)c1,1,1,0.13,222.0,8
CC12CCC3=C4CCC(=O)C=C4CCC3C1CCC2O,1,1,0.13,272.39,20
CC1(C)NC(=S)NC1=O,1,1,0.13,144.2,9
Brc1cncnc1,1,1,0.13,158.99,7
Cc1cccc2cccnc12,1,1,0.13,143.19,11
CN1CCCCC=CC2CC2NC(=O)C2CCCC2C1=O,1,1,0.13,290.41,21
O=[SH](=O)C1CC1,1,1,0.13,106.15,6
C=CC=O,1,1,0.13,56.06,4
CCCCCCCCCC=O,1,1,0.13,156.27,11
CC1CC(=O)NCC(=O)NCC(=O)NCC(=O)NC(C)C(=O)NCC(=O)NCC(=O)NCC(=O)NCC(=O)NCC(=O)O1,1,1,0.13,613.59,43
CCCN,1,1,0.13,59.11,4
CC1NC(=O)CNC(=O)CNC(=O)CNC(=O)CNC(=O)C(N)CSSCC2NC(=O)C3CSSCCNC(=O)CNC(=O)CNC(=O)CNC(=O)CNC(=O)C(CSSCC(NC(=O)CNC1=O)C(=O)NCC(=O)NCC(=O)NCC(=O)NCC(=O)NCC(=O)NCC(=O)N3)NC(=O)CNC(=O)CNC(=O)CNC2=O,1,1,0.13,1684.85,111
O=C1CCSSCC2NC(=O)CNC(=O)CNC(=O)CNC(=O)CNC(=O)CNC(=O)C(CSSCCNC(=O)CNC(=O)CNC(=O)CNC(=O)CNC(=O)CNC(=O)CNC(=O)CNC(=O)CNC(=O)CNC(=O)CNC2=O)NC(=O)CNC(=O)CNC(=O)CNC(=O)CNC(=O)CN1,1,1,0.13,1508.58,101
O=C1CCSSCCNC(=O)CNC(=O)CNC(=O)CNC(=O)CNC(=O)CNC(=O)CNC(=O)CN1,1,1,0.13,562.63,37
CC(C)CCC(=O)O,1,1,0.13,116.16,8
CC(C)CC(N)C=O,1,1,0.13,115.18,8
O=C1CCNC(=O)N1,1,1,0.13,114.1,8
CCCCCCCCCCCCCC=O,1,1,0.13,212.38,15
CCCCCC(=O)O,1,1,0.13,116.16,8
O=c1cc[nH]c2ccccc12,1,1,0.13,145.16,11
CCC#N,1,1,0.13,55.08,4
O=C1CCSSCCNC(=O)CNC(=O)CNC(=O)CNC(=O)CNC(=O)CNC(=O)CNC(=O)CNC(=O)CNC(=O)CNC(=O)CNC(=O)CNC(=O)CNC(=O)CNC(=O)CNC(=O)CN1,1,1,0.13,1019.05,69
Cc1nnco1,1,1,0.13,84.08,6
Cn1cncc([O-])c1=O,1,1,0.13,125.11,9
CN1C(=C(N)[O-])C(=O)c2ccccc2S1(=O)=O,1,1,0.13,253.26,17
CS(=O)(=O)c1cccc(Cl)c1,1,1,0.13,190.65,11
CCF,1,1,0.13,48.06,3
Cc1ccccc1C#Cc1cnc2cccnn12,1,1,0.13,233.27,18
CC1CCNCCN1,1,1,0.13,114.19,8
Clc1ccc2ocnc2c1,1,1,0.13,153.57,10
CC(C=O)NP(=O)(O)O,1,1,0.13,153.07,9
CC1(F)COCC1O,1,1,0.13,120.12,8
NC([O-])=C1C(=O)CC2CC3Cc4cccc(O)c4C([O-])=C3C(=O)C2(O)C1=O,1,1,0.13,369.33,27
CCC[SH](=O)=O,1,1,0.13,108.16,6
c1cnc2[nH]ccc2c1,1,1,0.13,118.14,9
CC(C)CCC(N)=O,1,1,0.13,115.18,8
NC(C=O)CCC(=O)O,1,1,0.13,131.13,9
Nc1ncccn1,1,1,0.13,95.1,7
O=[SH](=O)c1c(F)cccc1F,1,1,0.13,178.16,11
CC(C)CCCCCCCCC=O,1,1,0.13,184.32,13
CNC1C(=O)NC2Cc3ccc(cc3)Oc3cc4cc(c3)C(NC(=O)C(NC2=O)c2cc(cc(O)c2Cl)Oc2ccc1cc2O)C(=O)NC1C(=O)NC(C(=O)NC(C=O)c2cc(O)ccc2-c2cc1ccc2O)C(O)c1ccc(c(Cl)c1)O4,1,1,0.13,1164.97,83
CC1CCOC2Cn3ccc(=O)c([O-])c3C(=O)N12,1,1,0.13,249.25,18
O=S(=O)(O)ONC1COCCC1[O-],1,1,0.13,212.2,13
NC(=O)C1=C(O)C2(O)C(=O)C3=C(O)c4c(O)cccc4CC3CC2CC1=O,1,1,0.13,371.35,27
Clc1cc(Cl)cc(Cl)c1,1,1,0.13,181.45,9
O=Cn1ccnc1,1,1,0.13,96.09,7
O=S(=O)([O-])C(I)I,1,1,0.13,346.89,7
